{
    "method": "ad",
    "scores": {
        "age": -1.2603768806233049,
        "c_city": -0.5919619183677752,
        "collgrad": 60.96028289705358,
        "grade": 72.02853594449023,
        "hours": 5.827086867124984,
        "married": -1.2338908411421385,
        "smsa": 24.677969397260224,
        "south": 185.45875479134682,
        "tenure": 192.0024467860049,
        "ttl_exp": 15.450683384381698
    }
}