{
    "method": "ad",
    "scores": {
        "Model": 52.34969767846105,
        "covariates": 2.7890816158950127,
        "damage": 363.13819401181587,
        "feminity": -0.4471490105193772,
        "outliers": 115.73833685505201,
        "predictors": 72.09881204874367
    }
}